{
  "messageId": 1464,
  "temperature": 27.100000381469727,
  "humidity": 46.599998474121094
}
